seq #,start,end,peptide source,peptide,peptide length,bepipred3 score
1,1,68,bepipred-3.0,MDSRPQKIWMAPSLTESDMDYHKILTAGLSVQQGIVRQRVIPVYQVNNLEEICQLIIQAFEAGVDFQE,68,0.228
2,6,68,bepipred-3.0,MLCLHHAYQGDYKLFLESGAVKYLEGHGFRFEVKKRDGVKRLEELLPAVSSGKNIKRTLAAMP,63,0.218
3,1,69,bepipred-3.0,ETTEANAGQFLSFASLFLPKLVVGEKACLEKVQRQIQVHAEQGLIQYPTAWQSVGHMMVIFRLMRTNFL,69,0.255
4,2,70,bepipred-3.0,FLLIHQGMHMVAGHDANDAVISNSVAQARFSGLLIVKTVLDHILQKTERGVRLHPLARTAKVKNEVNSF,69,0.271
5,4,68,bepipred-3.0,LSSLAKHGEYAPFARLLNLSGVNNLEHGLFPQLSAIALGVATAHGSTLAGVNVGEQYQQLREAAT,65,0.225
6,3,70,bepipred-3.0,QLQQYAESRELDHLGLDDQEKKILMNFHQKKNEISFQQTNAMVTLRKERLAKLTEAITAASLPKTSGH,68,0.24
7,2,68,bepipred-3.0,DDDDDIPFPGPINDDDNPGHQDDDPTDSQDTTIPDVVVDPDDGSYGEYQSYSENGMNAPDDLVLFDL,67,0.271
8,1,70,bepipred-3.0,DDEDTKPVPNRSTKGGQQKNSQKGQHIEGRQTQSRPIQNVPGPHRTIHHASAPLTDNDRRNEPSGSTSPR,70,0.285
9,2,70,bepipred-3.0,LTPINEEADPLDDADDETSSLPPLESDDEEQDRDGTSNRTPTVAPPAPVYRDHSEKKELPQDEQQDQDH,69,0.28
10,1,69,bepipred-3.0,TQEARNQDSDNTQSEHSFEEMYRHILRSQGPFDAVLYYHMMKDEPVVFSTSDGKEYTYPDSLEEEYPPW,69,0.253
11,1,38,bepipred-3.0,TEKEAMNEENRFVTLDGQQFYWPVMNHKNKFMAILQHH,38,0.264